sample_size,sample_method,kernel,alpha,MSE of GPR,MSE of LS Paraboloid Fit,Integral Absolute Error of GPR,Integral Absolute Error of LS Paraboloid Fit
20,systematic,"14.1**2 * RBF(length_scale=[0.1, 1.8e+06])",1e-15,0.0006891218234788286,0.001368243652672777,8.279873861106262,13.766197562549326
20,systematic,"22.4**2 * RBF(length_scale=[0.1, 1.8e+06])",0.0001,0.0005106962005865652,0.001368243652672777,6.620163732205379,13.766197562549326
20,systematic,"0.0316**2 * RBF(length_scale=[0.1, 1.8e+06])",1e-09,0.0006891130705060949,0.001368243652672777,8.279826042276992,13.766197562549326
20,systematic,"1**2 * RBF(length_scale=[0.1, 1.8e+06])",1e-06,0.0006806517617968573,0.001368243652672777,8.233263841916452,13.766197562549326
20,systematic,"14.1**2 * RBF(length_scale=[0.1, 1.8e+06])",0.1,0.0058147424640816545,0.001368243652672777,30.306944464169398,13.766197562549326
20,systematic,"1**2 * RBF(length_scale=[0.1, 1.8e+06])",1e-20,0.0006891218240293338,0.001368243652672777,8.279873577799451,13.766197562549326
20,systematic,"22.4**2 * RBF(length_scale=[0.1, 1.8e+06])",1e-08,0.000689034309322149,0.001368243652672777,8.279396010473913,13.766197562549326
20,systematic,"14.1**2 * RBF(length_scale=[0.1, 1.8e+06])",10,0.5006481909244329,0.001368243652672777,339.85260571690606,13.766197562549326
20,systematic,"0.1**2 * RBF(length_scale=[0.1, 1.8e+06])",0.01,0.00565235135724647,0.001368243652672777,30.075694442625785,13.766197562549326
20,systematic,"0.01**2 * RBF(length_scale=[0.1, 1.8e+06])",1e-15,0.0006891218319171946,0.001368243652672777,8.279873929865172,13.766197562549326
20,systematic,"14.1**2 * RBF(length_scale=[0.1, 1.8e+06])",0.0001,0.0005106962039286143,0.001368243652672777,6.620163773552704,13.766197562549326
20,systematic,"22.4**2 * RBF(length_scale=[0.1, 1.8e+06])",1,0.011735528003945743,0.001368243652672777,43.59611056789854,13.766197562549326
20,systematic,"22.4**2 * RBF(length_scale=[0.1, 1.8e+06])",0.0001,0.0005106962006152654,0.001368243652672777,6.620163704634812,13.766197562549326
20,systematic,"0.316**2 * RBF(length_scale=[0.1, 1.8e+06])",0.1,0.005814742356577183,0.001368243652672777,30.306944340764247,13.766197562549326
20,systematic,"0.01**2 * RBF(length_scale=[0.1, 1.8e+06])",1e-07,0.0006882493398462214,0.001368243652672777,8.27510200481555,13.766197562549326
20,systematic,"0.1**2 * RBF(length_scale=[0.1, 1.8e+06])",1e-20,0.0006891218387650267,0.001368243652672777,8.279873968629152,13.766197562549326
20,systematic,"0.1**2 * RBF(length_scale=[0.1, 1.8e+06])",10,0.5005781639719525,0.001368243652672777,339.82857015685545,13.766197562549326
20,systematic,"0.0316**2 * RBF(length_scale=[0.1, 1.8e+06])",10,0.5005675503724901,0.001368243652672777,339.8249270710551,13.766197562549326
20,systematic,"14.1**2 * RBF(length_scale=[0.1, 1.8e+06])",1,0.011735527462494854,0.001368243652672777,43.59610967599832,13.766197562549326
20,systematic,"0.316**2 * RBF(length_scale=[0.1, 1.8e+06])",0.1,0.005814742456578221,0.001368243652672777,30.306944455555602,13.766197562549326
20,systematic,"22.4**2 * RBF(length_scale=[0.1, 1.8e+06])",0.0001,0.0005106961986583568,0.001368243652672777,6.620163778343329,13.766197562549326
20,systematic,"22.4**2 * RBF(length_scale=[0.1, 1.8e+06])",1e-10,0.0006891209370800281,0.001368243652672777,8.279868845140612,13.766197562549326
20,systematic,"22.4**2 * RBF(length_scale=[0.1, 1.8e+06])",0.0001,0.0005106961966344716,0.001368243652672777,6.620163839331599,13.766197562549326
20,systematic,"22.4**2 * RBF(length_scale=[0.1, 1.8e+06])",1e-05,0.0006216347015549076,0.001368243652672777,7.898766971071323,13.766197562549326
20,systematic,"22.4**2 * RBF(length_scale=[0.1, 1.8e+06])",0.0001,0.000510696201291244,0.001368243652672777,6.620163716290442,13.766197562549326
20,systematic,"22.4**2 * RBF(length_scale=[0.1, 1.8e+06])",0.001,0.0012210984703471459,0.001368243652672777,11.386553416751433,13.766197562549326
20,systematic,"0.01**2 * RBF(length_scale=[0.1, 1.8e+06])",100,0.5372444838422988,0.001368243652672777,352.1893044813912,13.766197562549326
20,systematic,"22.4**2 * RBF(length_scale=[0.1, 1.8e+06])",0.0001,0.0005106961960691252,0.001368243652672777,6.6201637736292,13.766197562549326
20,systematic,"1**2 * RBF(length_scale=[0.1, 1.8e+06])",0.0001,0.0005106962005996005,0.001368243652672777,6.620163749458634,13.766197562549326
20,systematic,"0.0316**2 * RBF(length_scale=[0.1, 1.8e+06])",1e-06,0.0006806517184041763,0.001368243652672777,8.233263509882903,13.766197562549326
20,systematic,"0.316**2 * RBF(length_scale=[0.1, 1.8e+06])",0.001,0.0012210984909046538,0.001368243652672777,11.38655357475699,13.766197562549326
20,systematic,"22.4**2 * RBF(length_scale=[0.1, 1.8e+06])",1e-09,inf,inf,inf,inf
20,systematic,"22.4**2 * RBF(length_scale=[0.1, 1.8e+06])",1e-05,0.0006216347191811642,0.001368243652672777,7.89876723043927,13.766197562549326
20,systematic,"0.0316**2 * RBF(length_scale=[0.1, 1.8e+06])",1e-08,0.0006890343051930766,0.001368243652672777,8.27939600313917,13.766197562549326
20,systematic,"1**2 * RBF(length_scale=[0.1, 1.8e+06])",100,0.5372444838422986,0.001368243652672777,352.1893044813911,13.766197562549326
20,systematic,"22.4**2 * RBF(length_scale=[0.1, 1.8e+06])",1e-07,0.0006882493347228668,0.001368243652672777,8.275102125594616,13.766197562549326
20,systematic,"22.4**2 * RBF(length_scale=[0.1, 1.8e+06])",0.01,0.005652351359813141,0.001368243652672777,30.075694447438437,13.766197562549326
20,systematic,"0.1**2 * RBF(length_scale=[0.1, 1.8e+06])",1e-10,0.0006891209594233059,0.001368243652672777,8.279869142238287,13.766197562549326
20,systematic,"1**2 * RBF(length_scale=[0.1, 1.8e+06])",0.0001,0.0005106962038959537,0.001368243652672777,6.6201637261407384,13.766197562549326
20,systematic,"0.01**2 * RBF(length_scale=[0.1, 1.8e+06])",1e-15,0.0006891218089328967,0.001368243652672777,8.27987364442123,13.766197562549326
20,systematic,"14.1**2 * RBF(length_scale=[0.1, 1.8e+06])",1e-09,0.0006891130575886938,0.001368243652672777,8.279825846595568,13.766197562549326
20,systematic,"0.316**2 * RBF(length_scale=[0.1, 1.8e+06])",1e-06,0.0006806517329390285,0.001368243652672777,8.233263664535318,13.766197562549326
20,systematic,"22.4**2 * RBF(length_scale=[0.1, 1.8e+06])",0.0001,0.0005106962020018747,0.001368243652672777,6.620163721860202,13.766197562549326
20,systematic,"22.4**2 * RBF(length_scale=[0.1, 1.8e+06])",1e-20,0.0006891218272131581,0.001368243652672777,8.279873786735344,13.766197562549326
20,systematic,"0.0316**2 * RBF(length_scale=[0.1, 1.8e+06])",1e-08,0.0006890343079548072,0.001368243652672777,8.27939599132075,13.766197562549326
20,systematic,"14.1**2 * RBF(length_scale=[0.1, 1.8e+06])",0.0001,0.0005106961977417725,0.001368243652672777,6.620163793124132,13.766197562549326
20,systematic,"0.1**2 * RBF(length_scale=[0.1, 1.8e+06])",0.01,0.005652351357910098,0.001368243652672777,30.0756944438701,13.766197562549326
20,systematic,"1**2 * RBF(length_scale=[0.1, 1.8e+06])",1e-15,0.0006891218058591084,0.001368243652672777,8.279873508061618,13.766197562549326
20,systematic,"0.01**2 * RBF(length_scale=[0.1, 1.8e+06])",1,0.01173552731889046,0.001368243652672777,43.59610943944716,13.766197562549326
20,systematic,"22.4**2 * RBF(length_scale=[0.1, 1.8e+06])",1e-07,inf,inf,inf,inf
20,systematic,"22.4**2 * RBF(length_scale=[0.1, 1.8e+06])",0.1,0.005814742520538631,0.001368243652672777,30.306944528976643,13.766197562549326
20,systematic,"0.316**2 * RBF(length_scale=[0.1, 1.8e+06])",0.0001,0.0005106961913832614,0.001368243652672777,6.620163861986139,13.766197562549326
20,systematic,"0.316**2 * RBF(length_scale=[0.1, 1.8e+06])",10,0.500583656548604,0.001368243652672777,339.8304554517979,13.766197562549326
20,systematic,"0.316**2 * RBF(length_scale=[0.1, 1.8e+06])",1e-10,0.0006891209456491048,0.001368243652672777,8.279868985758021,13.766197562549326
20,systematic,"0.316**2 * RBF(length_scale=[0.1, 1.8e+06])",1e-20,0.0006891218255142977,0.001368243652672777,8.279873835189296,13.766197562549326
20,systematic,"0.316**2 * RBF(length_scale=[0.1, 1.8e+06])",0.0001,0.000510696205061426,0.001368243652672777,6.620163724668172,13.766197562549326
20,systematic,"0.316**2 * RBF(length_scale=[0.1, 1.8e+06])",1e-05,0.0006216347274804255,0.001368243652672777,7.898767197927049,13.766197562549326
20,systematic,"0.1**2 * RBF(length_scale=[0.1, 1.8e+06])",100,0.5372444838422986,0.001368243652672777,352.18930448139105,13.766197562549326
20,systematic,"14.1**2 * RBF(length_scale=[0.1, 1.8e+06])",0.001,0.0012210984754270438,0.001368243652672777,11.386553518066439,13.766197562549326
20,systematic,"0.316**2 * RBF(length_scale=[0.1, 1.8e+06])",0.0001,0.0005106962012779393,0.001368243652672777,6.620163746042145,13.766197562549326
20,systematic,"0.0316**2 * RBF(length_scale=[0.1, 1.8e+06])",1,0.011735526853538167,0.001368243652672777,43.596108672899604,13.766197562549326
20,systematic,"0.01**2 * RBF(length_scale=[0.1, 1.8e+06])",1e-06,0.0006806517387611005,0.001368243652672777,8.23326373906089,13.766197562549326
20,systematic,"0.316**2 * RBF(length_scale=[0.1, 1.8e+06])",1e-09,0.0006891130767173375,0.001368243652672777,8.279826144109762,13.766197562549326
20,systematic,"1**2 * RBF(length_scale=[0.1, 1.8e+06])",0.1,0.00581474229202582,0.001368243652672777,30.306944266665067,13.766197562549326
20,systematic,"0.1**2 * RBF(length_scale=[0.1, 1.8e+06])",1e-08,0.0006890343063911847,0.001368243652672777,8.27939586285845,13.766197562549326
20,systematic,"22.4**2 * RBF(length_scale=[0.1, 1.8e+06])",0.0001,0.0005106962034847358,0.001368243652672777,6.620163740931631,13.766197562549326
20,systematic,"22.4**2 * RBF(length_scale=[0.1, 1.8e+06])",0.0001,0.0005106962018376457,0.001368243652672777,6.620163686262118,13.766197562549326
20,systematic,"22.4**2 * RBF(length_scale=[0.1, 1.8e+06])",0.0001,0.0005106962020652811,0.001368243652672777,6.620163779506165,13.766197562549326
20,systematic,"22.4**2 * RBF(length_scale=[0.1, 1.8e+06])",0.0001,0.0005106962003769952,0.001368243652672777,6.620163750019017,13.766197562549326
20,systematic,"0.0316**2 * RBF(length_scale=[0.1, 1.8e+06])",10,0.5005893899606753,0.001368243652672777,339.83242340094137,13.766197562549326
20,systematic,"14.1**2 * RBF(length_scale=[0.1, 1.8e+06])",0.0001,0.0005106962021868991,0.001368243652672777,6.620163742619628,13.766197562549326
20,systematic,"0.01**2 * RBF(length_scale=[0.1, 1.8e+06])",0.01,0.0056523513590818215,0.001368243652672777,30.075694446067168,13.766197562549326
20,systematic,"22.4**2 * RBF(length_scale=[0.1, 1.8e+06])",1e-15,0.0006891218287769625,0.001368243652672777,8.279873914879044,13.766197562549326
20,systematic,"0.316**2 * RBF(length_scale=[0.1, 1.8e+06])",1e-05,0.0006216347132110825,0.001368243652672777,7.8987670875532086,13.766197562549326
20,systematic,"22.4**2 * RBF(length_scale=[0.1, 1.8e+06])",1e-07,0.0006882493358467963,0.001368243652672777,8.275102039067125,13.766197562549326
20,systematic,"22.4**2 * RBF(length_scale=[0.1, 1.8e+06])",0.001,0.0012210983866352697,0.001368243652672777,11.386552885324477,13.766197562549326
20,systematic,"1**2 * RBF(length_scale=[0.1, 1.8e+06])",0.0001,0.0005106962006366354,0.001368243652672777,6.620163754153815,13.766197562549326
20,systematic,"0.0316**2 * RBF(length_scale=[0.1, 1.8e+06])",1e-10,0.0006891209550789985,0.001368243652672777,8.279869103896191,13.766197562549326
20,systematic,"0.1**2 * RBF(length_scale=[0.1, 1.8e+06])",100,0.5372444838423137,0.001368243652672777,352.18930448139616,13.766197562549326
20,systematic,"14.1**2 * RBF(length_scale=[0.1, 1.8e+06])",1e-20,0.0006891218201732444,0.001368243652672777,8.279873836946415,13.766197562549326
20,systematic,"0.316**2 * RBF(length_scale=[0.1, 1.8e+06])",0.0001,0.0005106961975846338,0.001368243652672777,6.620163784916164,13.766197562549326
20,systematic,"22.4**2 * RBF(length_scale=[0.1, 1.8e+06])",1e-09,0.0006891130693570187,0.001368243652672777,8.279826043225334,13.766197562549326
20,systematic,"0.01**2 * RBF(length_scale=[0.1, 1.8e+06])",1e-06,0.0006806517268116491,0.001368243652672777,8.23326353247656,13.766197562549326
20,systematic,"1**2 * RBF(length_scale=[0.1, 1.8e+06])",1e-08,0.000689034324575624,0.001368243652672777,8.279396073198907,13.766197562549326
20,systematic,"22.4**2 * RBF(length_scale=[0.1, 1.8e+06])",1,0.011735529414042961,0.001368243652672777,43.596112890669076,13.766197562549326
20,systematic,"0.316**2 * RBF(length_scale=[0.1, 1.8e+06])",0.0001,0.0005106962015405911,0.001368243652672777,6.620163713865222,13.766197562549326
20,systematic,"22.4**2 * RBF(length_scale=[0.1, 1.8e+06])",0.1,0.005814742430659271,0.001368243652672777,30.30694442580361,13.766197562549326
20,systematic,"0.1**2 * RBF(length_scale=[0.1, 1.8e+06])",0.01,0.005652351357168091,0.001368243652672777,30.07569444247882,13.766197562549326
20,systematic,"0.316**2 * RBF(length_scale=[0.1, 1.8e+06])",10,0.5005714493577363,0.001368243652672777,339.8262653904545,13.766197562549326
20,systematic,"0.0316**2 * RBF(length_scale=[0.1, 1.8e+06])",1e-15,0.0006891218296188799,0.001368243652672777,8.279873876259238,13.766197562549326
20,systematic,"14.1**2 * RBF(length_scale=[0.1, 1.8e+06])",1e-07,0.0006882493396163661,0.001368243652672777,8.275102140053455,13.766197562549326
20,systematic,"22.4**2 * RBF(length_scale=[0.1, 1.8e+06])",0.0001,0.0005106962018279723,0.001368243652672777,6.620163751921572,13.766197562549326
20,systematic,"0.01**2 * RBF(length_scale=[0.1, 1.8e+06])",1e-05,0.0006216346936467872,0.001368243652672777,7.898766960124576,13.766197562549326
20,systematic,"0.316**2 * RBF(length_scale=[0.1, 1.8e+06])",1e-10,0.0006891209511772783,0.001368243652672777,8.279869081462852,13.766197562549326
20,systematic,"1**2 * RBF(length_scale=[0.1, 1.8e+06])",0.0001,0.0005106962034687283,0.001368243652672777,6.620163733881589,13.766197562549326
20,systematic,"22.4**2 * RBF(length_scale=[0.1, 1.8e+06])",0.001,0.001221098403424359,0.001368243652672777,11.386552968552614,13.766197562549326
20,systematic,"22.4**2 * RBF(length_scale=[0.1, 1.8e+06])",100,0.5372444838422991,0.001368243652672777,352.1893044813913,13.766197562549326
20,systematic,"0.316**2 * RBF(length_scale=[0.1, 1.8e+06])",1e-20,0.0006891218227969045,0.001368243652672777,8.279873885539683,13.766197562549326
20,systematic,"0.1**2 * RBF(length_scale=[0.1, 1.8e+06])",0.0001,0.0005106961967788457,0.001368243652672777,6.620163835872833,13.766197562549326
20,systematic,"0.0316**2 * RBF(length_scale=[0.1, 1.8e+06])",1e-06,0.0006806517440303539,0.001368243652672777,8.233263935050303,13.766197562549326
20,systematic,"0.316**2 * RBF(length_scale=[0.1, 1.8e+06])",0.0001,0.0005106962008918452,0.001368243652672777,6.620163750757262,13.766197562549326
20,systematic,"22.4**2 * RationalQuadratic(alpha=0.1, length_scale=1)",0.1,0.0058147424643223795,0.001368243652672777,30.30694446444573,13.766197562549326
20,systematic,"0.0316**2 * RationalQuadratic(alpha=0.1, length_scale=1)",0.01,0.005652351357166705,0.001368243652672777,30.07569444247621,13.766197562549326
20,systematic,"0.1**2 * RationalQuadratic(alpha=0.1, length_scale=1)",1e-09,0.00508907266004767,0.001368243652672777,28.61647744134055,13.766197562549326
20,systematic,"0.1**2 * RationalQuadratic(alpha=0.1, length_scale=1)",1,0.01173552950015648,0.001368243652672777,43.5961130325188,13.766197562549326
20,systematic,"0.316**2 * RationalQuadratic(alpha=0.1, length_scale=1)",0.01,0.005652351357761328,0.001368243652672777,30.07569444359116,13.766197562549326
20,systematic,"14.1**2 * RationalQuadratic(alpha=0.1, length_scale=1)",1,0.011735528654221736,0.001368243652672777,43.59611163906018,13.766197562549326
20,systematic,"0.0316**2 * RationalQuadratic(alpha=0.1, length_scale=1)",0.001,0.00508664510455835,0.001368243652672777,28.608302148301092,13.766197562549326
20,systematic,"14.1**2 * RationalQuadratic(alpha=0.1, length_scale=1)",1e-08,0.005089072589079174,0.001368243652672777,28.6164772698493,13.766197562549326
20,systematic,"1**2 * RationalQuadratic(alpha=0.1, length_scale=1)",1e-09,0.005089072713557385,0.001368243652672777,28.616477565927394,13.766197562549326
20,systematic,"14.1**2 * RationalQuadratic(alpha=0.1, length_scale=1)",100,0.5372444838422986,0.001368243652672777,352.18930448139105,13.766197562549326
20,systematic,"1**2 * RationalQuadratic(alpha=0.1, length_scale=1)",1e-07,0.005089072583551209,0.001368243652672777,28.61647719656371,13.766197562549326
20,systematic,"0.316**2 * RationalQuadratic(alpha=0.1, length_scale=1)",1e-06,0.00508907196126564,0.001368243652672777,28.61647514040248,13.766197562549326
20,systematic,"0.1**2 * RationalQuadratic(alpha=0.1, length_scale=1)",1e-05,0.005089065353762438,0.001368243652672777,28.616453590309494,13.766197562549326
20,systematic,"0.1**2 * RationalQuadratic(alpha=0.1, length_scale=1)",1,0.011735528770747333,0.001368243652672777,43.59611183100598,13.766197562549326
20,systematic,"0.0316**2 * RationalQuadratic(alpha=0.1, length_scale=1)",1e-06,0.005089071991444698,0.001368243652672777,28.616475208387442,13.766197562549326
20,systematic,"14.1**2 * RationalQuadratic(alpha=0.1, length_scale=1)",100,0.537244483842424,0.001368243652672777,352.18930448143357,13.766197562549326
20,systematic,"1**2 * RationalQuadratic(alpha=0.1, length_scale=1)",0.1,0.005814742417579625,0.001368243652672777,30.3069444107894,13.766197562549326
20,systematic,"14.1**2 * RationalQuadratic(alpha=0.1, length_scale=1)",100,0.5372444838422986,0.001368243652672777,352.18930448139105,13.766197562549326
20,systematic,"0.316**2 * RationalQuadratic(alpha=0.1, length_scale=1)",0.01,0.0056523513574685755,0.001368243652672777,30.07569444304223,13.766197562549326
20,systematic,"0.01**2 * RationalQuadratic(alpha=0.1, length_scale=1)",100,0.5372444838422986,0.001368243652672777,352.18930448139105,13.766197562549326
20,systematic,"0.0316**2 * RationalQuadratic(alpha=0.1, length_scale=1)",1e-05,0.005089065351201802,0.001368243652672777,28.616453583802123,13.766197562549326
20,systematic,"0.0316**2 * RationalQuadratic(alpha=0.1, length_scale=1)",0.001,0.005086645157979284,0.001368243652672777,28.608302270504147,13.766197562549326
20,systematic,"0.0316**2 * RationalQuadratic(alpha=0.1, length_scale=1)",0.001,0.005086645239989633,0.001368243652672777,28.608302460876132,13.766197562549326
20,systematic,"0.0316**2 * RationalQuadratic(alpha=0.1, length_scale=1)",0.001,0.005086645158000466,0.001368243652672777,28.608302270338758,13.766197562549326
20,systematic,"22.4**2 * RationalQuadratic(alpha=0.1, length_scale=1)",0.001,0.0050866449991457995,0.001368243652672777,28.6083019040663,13.766197562549326
20,systematic,"22.4**2 * RationalQuadratic(alpha=0.1, length_scale=1)",0.0001,0.0050889923439171566,0.001368243652672777,28.616214506362347,13.766197562549326
20,systematic,"22.4**2 * RationalQuadratic(alpha=0.1, length_scale=1)",1e-20,0.005089072743984001,0.001368243652672777,28.61647763658116,13.766197562549326
20,systematic,"0.01**2 * RationalQuadratic(alpha=0.1, length_scale=1)",1e-15,0.005089072749261658,0.001368243652672777,28.616477649688537,13.766197562549326
20,systematic,"22.4**2 * RationalQuadratic(alpha=0.1, length_scale=1)",10,0.5006379005610626,0.001368243652672777,339.8490738313004,13.766197562549326
20,systematic,"22.4**2 * RationalQuadratic(alpha=0.1, length_scale=1)",1e-10,0.005089072650454954,0.001368243652672777,28.61647742043763,13.766197562549326
20,systematic,"22.4**2 * RationalQuadratic(alpha=0.1, length_scale=1)",0.001,0.005086645088382912,0.001368243652672777,28.60830211055193,13.766197562549326
20,systematic,"22.4**2 * RationalQuadratic(alpha=0.1, length_scale=1)",0.001,0.005086645100340843,0.001368243652672777,28.608302135293837,13.766197562549326
20,systematic,"22.4**2 * RationalQuadratic(alpha=0.1, length_scale=1)",1e-10,0.005089072636308114,0.001368243652672777,28.616477387504695,13.766197562549326
20,systematic,"22.4**2 * RationalQuadratic(alpha=0.1, length_scale=1)",0.001,0.005086645069975704,0.001368243652672777,28.60830206810421,13.766197562549326
20,systematic,"22.4**2 * RationalQuadratic(alpha=0.1, length_scale=1)",1e-07,0.0050890725782129905,0.001368243652672777,28.616477184368897,13.766197562549326
20,systematic,"0.01**2 * RationalQuadratic(alpha=0.1, length_scale=1)",0.0001,0.005088992401626474,0.001368243652672777,28.616214640650973,13.766197562549326
20,systematic,"22.4**2 * RationalQuadratic(alpha=0.1, length_scale=1)",1e-08,0.005089072621901051,0.001368243652672777,28.616477346742197,13.766197562549326
20,systematic,"22.4**2 * RationalQuadratic(alpha=0.1, length_scale=1)",1e-20,0.0050890727463549406,0.001368243652672777,28.61647764492918,13.766197562549326
20,systematic,"0.316**2 * RationalQuadratic(alpha=0.1, length_scale=1)",1e-15,0.005089072661497057,0.001368243652672777,28.61647744518714,13.766197562549326
20,systematic,"0.1**2 * RationalQuadratic(alpha=0.1, length_scale=1)",1e-09,0.005089072663012162,0.001368243652672777,28.616477448772102,13.766197562549326
20,systematic,"1**2 * RationalQuadratic(alpha=0.1, length_scale=1)",10,0.500645718081656,0.001368243652672777,339.85175698464684,13.766197562549326
20,systematic,"22.4**2 * RationalQuadratic(alpha=0.1, length_scale=1)",0.1,0.005814742493646249,0.001368243652672777,30.306944498106812,13.766197562549326
20,systematic,"0.01**2 * RationalQuadratic(alpha=0.1, length_scale=1)",0.001,0.005086645026233387,0.001368243652672777,28.60830196919189,13.766197562549326
20,systematic,"0.01**2 * RationalQuadratic(alpha=0.1, length_scale=1)",0.01,0.005652351358206316,0.001368243652672777,30.075694444425555,13.766197562549326
20,systematic,"0.01**2 * RationalQuadratic(alpha=0.1, length_scale=1)",1e-08,0.005089072647773085,0.001368243652672777,28.616477408139378,13.766197562549326
20,systematic,"0.01**2 * RationalQuadratic(alpha=0.1, length_scale=1)",1,0.011735528797852585,0.001368243652672777,43.596111875654856,13.766197562549326
20,systematic,"0.01**2 * RationalQuadratic(alpha=0.1, length_scale=1)",0.001,0.005086645081513398,0.001368243652672777,28.608302093427383,13.766197562549326
20,systematic,"0.1**2 * RationalQuadratic(alpha=0.1, length_scale=1)",1e-06,0.005089071867506733,0.001368243652672777,28.61647492099021,13.766197562549326
20,systematic,"0.316**2 * RationalQuadratic(alpha=0.1, length_scale=1)",1e-05,0.005089065312587357,0.001368243652672777,28.616453494333836,13.766197562549326
20,systematic,"14.1**2 * RationalQuadratic(alpha=0.1, length_scale=1)",1e-07,0.005089072604806454,0.001368243652672777,28.6164772460706,13.766197562549326
20,systematic,"1**2 * RationalQuadratic(alpha=0.1, length_scale=1)",0.001,0.005086645079581412,0.001368243652672777,28.60830209020672,13.766197562549326
20,systematic,"0.01**2 * RationalQuadratic(alpha=0.1, length_scale=1)",1e-09,0.005089072631618721,0.001368243652672777,28.6164773755363,13.766197562549326
20,systematic,"14.1**2 * RationalQuadratic(alpha=0.1, length_scale=1)",0.1,0.005814742471829634,0.001368243652672777,30.306944473063368,13.766197562549326
20,systematic,"0.1**2 * RationalQuadratic(alpha=0.1, length_scale=1)",1,0.011735529365745193,0.001368243652672777,43.59611281111099,13.766197562549326
20,systematic,"0.316**2 * RationalQuadratic(alpha=0.1, length_scale=1)",0.001,0.005086645085625463,0.001368243652672777,28.608302104375426,13.766197562549326
20,systematic,"1**2 * RationalQuadratic(alpha=0.1, length_scale=1)",0.0001,0.005088992306429964,0.001368243652672777,28.61621441965699,13.766197562549326
20,systematic,"0.01**2 * RationalQuadratic(alpha=0.1, length_scale=1)",1e-15,0.005089072669031984,0.001368243652672777,28.6164774642507,13.766197562549326
20,systematic,"0.0316**2 * RationalQuadratic(alpha=0.1, length_scale=1)",1e-20,0.00508907269259211,0.001368243652672777,28.616477521636682,13.766197562549326
20,systematic,"0.01**2 * RationalQuadratic(alpha=0.1, length_scale=1)",0.01,0.005652351357417049,0.001368243652672777,30.07569444294562,13.766197562549326
20,systematic,"14.1**2 * RationalQuadratic(alpha=0.1, length_scale=1)",1e-06,0.0050890718860117186,0.001368243652672777,28.616474964030346,13.766197562549326
20,systematic,"0.1**2 * RationalQuadratic(alpha=0.1, length_scale=1)",1e-10,0.005089072649129388,0.001368243652672777,28.616477417451687,13.766197562549326
20,systematic,"0.316**2 * RationalQuadratic(alpha=0.1, length_scale=1)",10,0.5006383428837489,0.001368243652672777,339.8492256478594,13.766197562549326
20,systematic,"1**2 * RationalQuadratic(alpha=0.1, length_scale=1)",100,0.5372444838422986,0.001368243652672777,352.18930448139105,13.766197562549326
20,systematic,"0.01**2 * RationalQuadratic(alpha=0.1, length_scale=1)",0.001,0.005086645033533691,0.001368243652672777,28.608301983731955,13.766197562549326
20,systematic,"0.0316**2 * RationalQuadratic(alpha=0.1, length_scale=1)",1e-05,0.005089065367525722,0.001368243652672777,28.616453622146572,13.766197562549326
20,systematic,"0.01**2 * RationalQuadratic(alpha=0.1, length_scale=1)",0.001,0.005086645068448825,0.001368243652672777,28.608302064923894,13.766197562549326
20,systematic,"0.01**2 * RationalQuadratic(alpha=0.1, length_scale=1)",0.001,0.005086645057778523,0.001368243652672777,28.608302040980117,13.766197562549326
20,systematic,"0.01**2 * RationalQuadratic(alpha=0.1, length_scale=1)",0.001,0.005086645193713296,0.001368243652672777,28.60830235036932,13.766197562549326
20,systematic,"0.01**2 * RationalQuadratic(alpha=0.1, length_scale=1)",0.001,0.00508664506977564,0.001368243652672777,28.60830206724055,13.766197562549326
20,systematic,"0.01**2 * RationalQuadratic(alpha=0.1, length_scale=1)",0.001,0.005086645105012159,0.001368243652672777,28.60830214561196,13.766197562549326
20,systematic,"0.01**2 * RationalQuadratic(alpha=0.1, length_scale=1)",1e-08,0.005089072687300996,0.001368243652672777,28.616477499777623,13.766197562549326
20,systematic,"22.4**2 * RationalQuadratic(alpha=0.1, length_scale=1)",1e-07,0.005089072587619758,0.001368243652672777,28.616477206194425,13.766197562549326
20,systematic,"0.01**2 * RationalQuadratic(alpha=0.1, length_scale=1)",1e-09,0.005089072638005283,0.001368243652672777,28.616477390862162,13.766197562549326
20,systematic,"22.4**2 * RationalQuadratic(alpha=0.1, length_scale=1)",0.001,0.005086645122419849,0.001368243652672777,28.60830219093348,13.766197562549326
20,systematic,"14.1**2 * RationalQuadratic(alpha=0.1, length_scale=1)",0.1,0.005814742463940944,0.001368243652672777,30.306944464007884,13.766197562549326
20,systematic,"0.0316**2 * RationalQuadratic(alpha=0.1, length_scale=1)",0.0001,0.005088992391947391,0.001368243652672777,28.61621461818117,13.766197562549326
20,systematic,"0.01**2 * RationalQuadratic(alpha=0.1, length_scale=1)",1e-10,0.005089072659568384,0.001368243652672777,28.616477441846698,13.766197562549326
20,systematic,"22.4**2 * RationalQuadratic(alpha=0.1, length_scale=1)",1e-20,0.005089072665590552,0.001368243652672777,28.616477455332998,13.766197562549326
20,systematic,"0.1**2 * RationalQuadratic(alpha=0.1, length_scale=1)",100,0.5372444838425919,0.001368243652672777,352.18930448149047,13.766197562549326
20,systematic,"0.316**2 * RationalQuadratic(alpha=0.1, length_scale=1)",0.001,0.0050866451838870366,0.001368243652672777,28.608302332102543,13.766197562549326
20,systematic,"1**2 * RationalQuadratic(alpha=0.1, length_scale=1)",1e-15,0.0050890727525788595,0.001368243652672777,28.616477658273084,13.766197562549326
20,systematic,"0.01**2 * RationalQuadratic(alpha=0.1, length_scale=1)",1,0.011735528332836902,0.001368243652672777,43.59611110966181,13.766197562549326
20,systematic,"22.4**2 * RationalQuadratic(alpha=0.1, length_scale=1)",0.01,0.005652351357261852,0.001368243652672777,30.07569444265461,13.766197562549326
20,systematic,"14.1**2 * RationalQuadratic(alpha=0.1, length_scale=1)",1e-06,0.005089071917979455,0.001368243652672777,28.616475038129476,13.766197562549326
20,systematic,"0.01**2 * RationalQuadratic(alpha=0.1, length_scale=1)",10,0.5006173687301841,0.001368243652672777,339.8420267325628,13.766197562549326
20,systematic,"22.4**2 * RationalQuadratic(alpha=0.1, length_scale=1)",0.001,0.0050866451511223255,0.001368243652672777,28.608302256632783,13.766197562549326
20,systematic,"0.0316**2 * RationalQuadratic(alpha=0.1, length_scale=1)",1e-07,0.005089072625989569,0.001368243652672777,28.616477294984463,13.766197562549326
20,systematic,"0.1**2 * RationalQuadratic(alpha=0.1, length_scale=1)",1e-05,0.0050890653801144315,0.001368243652672777,28.616453652705797,13.766197562549326
20,systematic,"0.316**2 * RationalQuadratic(alpha=0.1, length_scale=1)",0.001,0.005086645099065738,0.001368243652672777,28.60830213548918,13.766197562549326
20,systematic,"1**2 * RationalQuadratic(alpha=0.1, length_scale=1)",1e-08,0.0050890726505415105,0.001368243652672777,28.616477413744217,13.766197562549326
20,systematic,"0.01**2 * RationalQuadratic(alpha=0.1, length_scale=1)",1e-09,0.005089072653222597,0.001368243652672777,28.616477425551686,13.766197562549326
20,systematic,"22.4**2 * RationalQuadratic(alpha=0.1, length_scale=1)",0.1,0.005814742438842147,0.001368243652672777,30.306944435196797,13.766197562549326
20,systematic,"0.01**2 * RationalQuadratic(alpha=0.1, length_scale=1)",0.001,0.0050866450167591,0.001368243652672777,28.60830194420115,13.766197562549326
20,systematic,"14.1**2 * RationalQuadratic(alpha=0.1, length_scale=1)",0.0001,0.005088992423274644,0.001368243652672777,28.616214691673427,13.766197562549326
20,systematic,"22.4**2 * RationalQuadratic(alpha=0.1, length_scale=1)",1e-20,0.005089072647446231,0.001368243652672777,28.616477413319654,13.766197562549326
20,systematic,"0.01**2 * RationalQuadratic(alpha=0.1, length_scale=1)",1e-15,0.0050890726105605735,0.001368243652672777,28.61647732803939,13.766197562549326
20,systematic,"0.1**2 * RationalQuadratic(alpha=0.1, length_scale=1)",1,0.011735529026978124,0.001368243652672777,43.596112253079895,13.766197562549326
20,systematic,"0.0316**2 * RationalQuadratic(alpha=0.1, length_scale=1)",1e-10,0.005089072678860276,0.001368243652672777,28.61647748677999,13.766197562549326
20,systematic,"1**2 * RationalQuadratic(alpha=0.1, length_scale=1)",0.01,0.005652351360974238,0.001368243652672777,30.0756944496156,13.766197562549326
20,systematic,"0.316**2 * RationalQuadratic(alpha=0.1, length_scale=1)",0.001,0.005086645144767137,0.001368243652672777,28.608302239896055,13.766197562549326
20,systematic,"22.4**2 * RationalQuadratic(alpha=0.1, length_scale=1)",0.001,0.005086645150287786,0.001368243652672777,28.608302253235568,13.766197562549326
20,systematic,"0.1**2 * ExpSineSquared(length_scale=1, periodicity=3)",0.01,0.005789658792795942,0.001368243652672777,29.807818129712278,13.766197562549326
20,systematic,"1**2 * ExpSineSquared(length_scale=1, periodicity=3)",0.01,0.006319261789426161,0.001368243652672777,31.439065423534405,13.766197562549326
20,systematic,"0.0316**2 * ExpSineSquared(length_scale=1, periodicity=3)",1e-20,0.6104216245454699,0.001368243652672777,288.37631146163505,13.766197562549326
20,systematic,"0.01**2 * ExpSineSquared(length_scale=1, periodicity=3)",0.0001,0.23146055267671575,0.001368243652672777,193.1698040911133,13.766197562549326
20,systematic,"0.316**2 * ExpSineSquared(length_scale=1, periodicity=3)",0.1,0.005814742458617793,0.001368243652672777,30.306944457897398,13.766197562549326
20,systematic,"22.4**2 * ExpSineSquared(length_scale=1, periodicity=3)",10,0.5006429642290142,0.001368243652672777,339.85081180132914,13.766197562549326
20,systematic,"0.0316**2 * ExpSineSquared(length_scale=1, periodicity=3)",1e-06,0.9244703504795536,0.001368243652672777,323.28398235338585,13.766197562549326
20,systematic,"14.1**2 * ExpSineSquared(length_scale=1, periodicity=3)",1e-07,0.3750466022925748,0.001368243652672777,239.01279384747886,13.766197562549326
20,systematic,"0.1**2 * ExpSineSquared(length_scale=1, periodicity=3)",1,0.011735528086626701,0.001368243652672777,43.59611070409417,13.766197562549326
20,systematic,"0.0316**2 * ExpSineSquared(length_scale=1, periodicity=3)",1e-07,0.4564654833139482,0.001368243652672777,313.6654056028249,13.766197562549326
20,systematic,"1**2 * ExpSineSquared(length_scale=1, periodicity=3)",0.001,0.006466174073703552,0.001368243652672777,31.852874746119955,13.766197562549326
20,systematic,"22.4**2 * ExpSineSquared(length_scale=1, periodicity=3)",0.0001,2.5331299213430327,0.001368243652672777,357.5287286756605,13.766197562549326
20,systematic,"22.4**2 * ExpSineSquared(length_scale=1, periodicity=3)",1e-08,374.18044168452826,0.001368243652672777,1674.0527617689745,13.766197562549326
20,systematic,"0.316**2 * ExpSineSquared(length_scale=1, periodicity=3)",1,0.011735528690278937,0.001368243652672777,43.596111698455104,13.766197562549326
20,systematic,"0.0316**2 * ExpSineSquared(length_scale=1, periodicity=3)",1e-20,1008.2968413950147,0.001368243652672777,2797.503381981129,13.766197562549326
20,systematic,"0.1**2 * ExpSineSquared(length_scale=1, periodicity=3)",1e-05,12937.606946638543,0.001368243652672777,11791.105879113784,13.766197562549326
20,systematic,"0.316**2 * ExpSineSquared(length_scale=1, periodicity=3)",0.01,0.005789666146403327,0.001368243652672777,29.80781317624374,13.766197562549326
20,systematic,"1**2 * ExpSineSquared(length_scale=1, periodicity=3)",0.01,0.006021872459541809,0.001368243652672777,30.570045368279672,13.766197562549326
20,systematic,"0.316**2 * ExpSineSquared(length_scale=1, periodicity=3)",1e-10,273.26170226244227,0.001368243652672777,1430.6122450376124,13.766197562549326
20,systematic,"1**2 * ExpSineSquared(length_scale=1, periodicity=3)",10,0.5006315412219725,0.001368243652672777,339.84689114383957,13.766197562549326
20,systematic,"0.1**2 * ExpSineSquared(length_scale=1, periodicity=3)",0.01,0.005652347398707426,0.001368243652672777,30.075757698451625,13.766197562549326
20,systematic,"0.1**2 * ExpSineSquared(length_scale=1, periodicity=3)",100,0.5372444838422986,0.001368243652672777,352.18930448139105,13.766197562549326
20,systematic,"0.1**2 * ExpSineSquared(length_scale=1, periodicity=3)",1e-15,0.13946462628255218,0.001368243652672777,142.4874174015426,13.766197562549326
20,systematic,"0.1**2 * ExpSineSquared(length_scale=1, periodicity=3)",1e-09,0.46464593252561104,0.001368243652672777,293.04621581818276,13.766197562549326
20,systematic,"0.1**2 * ExpSineSquared(length_scale=1, periodicity=3)",0.01,0.006218150910194279,0.001368243652672777,31.182153116148093,13.766197562549326
20,systematic,"0.01**2 * ExpSineSquared(length_scale=1, periodicity=3)",0.01,0.006319269606605711,0.001368243652672777,31.439090834201153,13.766197562549326
20,systematic,"14.1**2 * ExpSineSquared(length_scale=1, periodicity=3)",1e-06,0.28889010699193074,0.001368243652672777,220.36892175631166,13.766197562549326
20,systematic,"0.1**2 * ExpSineSquared(length_scale=1, periodicity=3)",0.01,0.005656113113694598,0.001368243652672777,30.005228247128546,13.766197562549326
20,systematic,"0.1**2 * ExpSineSquared(length_scale=1, periodicity=3)",1e-09,556.3643609301445,0.001368243652672777,2049.660968720521,13.766197562549326
20,systematic,"0.1**2 * ExpSineSquared(length_scale=1, periodicity=3)",1e-10,1412.792806178386,0.001368243652672777,3349.282676066991,13.766197562549326
20,systematic,"0.01**2 * ExpSineSquared(length_scale=1, periodicity=3)",0.01,0.005950242518303929,0.001368243652672777,30.36089684701092,13.766197562549326
20,systematic,"0.1**2 * ExpSineSquared(length_scale=1, periodicity=3)",1e-08,207.7546173647867,0.001368243652672777,1251.3222335997089,13.766197562549326
20,systematic,"14.1**2 * ExpSineSquared(length_scale=1, periodicity=3)",100,0.5372444838422986,0.001368243652672777,352.18930448139105,13.766197562549326
20,systematic,"0.1**2 * ExpSineSquared(length_scale=1, periodicity=3)",0.1,0.0058147424519763916,0.001368243652672777,30.30694445027369,13.766197562549326
20,systematic,"0.01**2 * ExpSineSquared(length_scale=1, periodicity=3)",1e-15,4962.6382268033185,0.001368243652672777,6730.381384010116,13.766197562549326
20,systematic,"0.1**2 * ExpSineSquared(length_scale=1, periodicity=3)",0.01,0.006367581599343803,0.001368243652672777,31.71487591521542,13.766197562549326
20,systematic,"22.4**2 * ExpSineSquared(length_scale=1, periodicity=3)",1e-05,97.70568123827971,0.001368243652672777,928.3358185187758,13.766197562549326
20,systematic,"14.1**2 * ExpSineSquared(length_scale=1, periodicity=3)",1e-20,0.3003698058467992,0.001368243652672777,230.17450573004623,13.766197562549326
20,systematic,"0.0316**2 * ExpSineSquared(length_scale=1, periodicity=3)",0.001,0.008072978093035303,0.001368243652672777,35.530740178479995,13.766197562549326
20,systematic,"0.1**2 * ExpSineSquared(length_scale=1, periodicity=3)",0.0001,625.7702389522531,0.001368243652672777,3275.1860815070486,13.766197562549326
20,systematic,"1**2 * ExpSineSquared(length_scale=1, periodicity=3)",0.1,0.00581474245146381,0.001368243652672777,30.306944449685293,13.766197562549326
20,systematic,"22.4**2 * ExpSineSquared(length_scale=1, periodicity=3)",0.01,0.005956215220743441,0.001368243652672777,30.31113877466725,13.766197562549326
20,systematic,"0.1**2 * ExpSineSquared(length_scale=1, periodicity=3)",1e-07,1.1918525073981343,0.001368243652672777,345.06412253901374,13.766197562549326
20,systematic,"0.0316**2 * ExpSineSquared(length_scale=1, periodicity=3)",10,0.500636971962148,0.001368243652672777,339.8487551133277,13.766197562549326
20,systematic,"0.316**2 * ExpSineSquared(length_scale=1, periodicity=3)",0.001,0.008072976738794809,0.001368243652672777,35.53073737717983,13.766197562549326
20,systematic,"0.01**2 * ExpSineSquared(length_scale=1, periodicity=3)",1,0.01173552815023211,0.001368243652672777,43.596110808867635,13.766197562549326
20,systematic,"14.1**2 * ExpSineSquared(length_scale=1, periodicity=3)",1e-06,68467805296.04551,0.001368243652672777,24273961.960731134,13.766197562549326
20,systematic,"0.1**2 * ExpSineSquared(length_scale=1, periodicity=3)",0.01,0.005789666165535112,0.001368243652672777,29.807813178420098,13.766197562549326
20,systematic,"22.4**2 * ExpSineSquared(length_scale=1, periodicity=3)",0.0001,0.24811048519357304,0.001368243652672777,194.8236672127539,13.766197562549326
20,systematic,"1**2 * ExpSineSquared(length_scale=1, periodicity=3)",1e-05,3.6463507169868437,0.001368243652672777,492.7311746161056,13.766197562549326
20,systematic,"0.316**2 * ExpSineSquared(length_scale=1, periodicity=3)",1e-08,0.2253273786855415,0.001368243652672777,182.11140930542638,13.766197562549326
20,systematic,"0.0316**2 * ExpSineSquared(length_scale=1, periodicity=3)",1e-20,6530.922295175913,0.001368243652672777,7887.851123756016,13.766197562549326
20,systematic,"0.1**2 * ExpSineSquared(length_scale=1, periodicity=3)",1e-07,0.5427357609545008,0.001368243652672777,341.98736091584675,13.766197562549326
20,systematic,"0.1**2 * ExpSineSquared(length_scale=1, periodicity=3)",0.01,0.006528759816839219,0.001368243652672777,31.97055363111693,13.766197562549326
20,systematic,"1**2 * ExpSineSquared(length_scale=1, periodicity=3)",1e-10,0.44799750533639154,0.001368243652672777,309.5928762846879,13.766197562549326
20,systematic,"0.316**2 * ExpSineSquared(length_scale=1, periodicity=3)",100,0.5372444838422986,0.001368243652672777,352.18930448139105,13.766197562549326
20,systematic,"0.1**2 * ExpSineSquared(length_scale=1, periodicity=3)",1e-09,0.26735606715217763,0.001368243652672777,201.59498788591304,13.766197562549326
20,systematic,"0.01**2 * ExpSineSquared(length_scale=1, periodicity=3)",1e-15,1866.5578807282695,0.001368243652672777,3894.186377599237,13.766197562549326
20,systematic,"22.4**2 * ExpSineSquared(length_scale=1, periodicity=3)",1,0.01173552766266532,0.001368243652672777,43.596110005727425,13.766197562549326
20,systematic,"0.0316**2 * ExpSineSquared(length_scale=1, periodicity=3)",10,0.5006309896813425,0.001368243652672777,339.8467018403602,13.766197562549326
20,systematic,"0.1**2 * ExpSineSquared(length_scale=1, periodicity=3)",0.01,0.006319266451439453,0.001368243652672777,31.43908100474504,13.766197562549326
20,systematic,"14.1**2 * ExpSineSquared(length_scale=1, periodicity=3)",1e-06,44900.65503157966,0.001368243652672777,24642.17605071876,13.766197562549326
20,systematic,"0.1**2 * ExpSineSquared(length_scale=1, periodicity=3)",0.1,0.005814742443392707,0.001368243652672777,30.306944440420413,13.766197562549326
20,systematic,"1**2 * ExpSineSquared(length_scale=1, periodicity=3)",0.01,0.006468089722042318,0.001368243652672777,31.910208302993016,13.766197562549326
20,systematic,"0.1**2 * ExpSineSquared(length_scale=1, periodicity=3)",1e-08,0.49390131278007704,0.001368243652672777,244.33224703411662,13.766197562549326
20,systematic,"0.1**2 * ExpSineSquared(length_scale=1, periodicity=3)",0.01,0.00711261008776938,0.001368243652672777,33.50897232505322,13.766197562549326
20,systematic,"0.1**2 * ExpSineSquared(length_scale=1, periodicity=3)",0.01,0.006493513184178735,0.001368243652672777,31.970902787272955,13.766197562549326
20,systematic,"0.1**2 * ExpSineSquared(length_scale=1, periodicity=3)",0.01,0.005786574106988805,0.001368243652672777,29.810537790545432,13.766197562549326
20,systematic,"0.1**2 * ExpSineSquared(length_scale=1, periodicity=3)",0.01,0.007112609650170261,0.001368243652672777,33.50897136407667,13.766197562549326
20,systematic,"0.1**2 * ExpSineSquared(length_scale=1, periodicity=3)",1e-10,2174.1914151784604,0.001368243652672777,4233.424051601431,13.766197562549326
20,systematic,"0.1**2 * ExpSineSquared(length_scale=1, periodicity=3)",0.01,0.006257930186546164,0.001368243652672777,31.249928810967955,13.766197562549326
20,systematic,"0.01**2 * ExpSineSquared(length_scale=1, periodicity=3)",0.001,0.007702708530228783,0.001368243652672777,34.94972517842005,13.766197562549326
20,systematic,"0.1**2 * ExpSineSquared(length_scale=1, periodicity=3)",1e-09,1594.8344103269121,0.001368243652672777,3575.396560223995,13.766197562549326
20,systematic,"0.316**2 * ExpSineSquared(length_scale=1, periodicity=3)",100,0.5372444838425843,0.001368243652672777,352.18930448148575,13.766197562549326
20,systematic,"14.1**2 * ExpSineSquared(length_scale=1, periodicity=3)",1e-05,0.3368752998916761,0.001368243652672777,200.82895035030418,13.766197562549326
20,systematic,"22.4**2 * ExpSineSquared(length_scale=1, periodicity=3)",1e-20,2614.146956116077,0.001368243652672777,4686.606527061084,13.766197562549326
20,systematic,"0.1**2 * ExpSineSquared(length_scale=1, periodicity=3)",0.0001,0.3148993223948104,0.001368243652672777,238.1069028180301,13.766197562549326
20,systematic,"0.0316**2 * ExpSineSquared(length_scale=1, periodicity=3)",1e-15,219.67954302951597,0.001368243652672777,1285.5549590682251,13.766197562549326
20,systematic,"0.1**2 * ExpSineSquared(length_scale=1, periodicity=3)",1e-07,2.641661619166316,0.001368243652672777,354.6465894452198,13.766197562549326
20,systematic,"0.01**2 * ExpSineSquared(length_scale=1, periodicity=3)",0.01,0.005789663608115817,0.001368243652672777,29.8078143438657,13.766197562549326
20,systematic,"0.1**2 * ExpSineSquared(length_scale=1, periodicity=3)",1,0.011735528117554487,0.001368243652672777,43.5961107550397,13.766197562549326
20,systematic,"1**2 * ExpSineSquared(length_scale=1, periodicity=3)",0.01,0.006047115347626377,0.001368243652672777,30.657850771287556,13.766197562549326
20,systematic,"14.1**2 * ExpSineSquared(length_scale=1, periodicity=3)",10,0.5005735500471358,0.001368243652672777,339.8269864459653,13.766197562549326
20,systematic,"0.316**2 * ExpSineSquared(length_scale=1, periodicity=3)",0.1,0.0058147424646971015,0.001368243652672777,30.306944464875883,13.766197562549326
20,systematic,"0.1**2 * ExpSineSquared(length_scale=1, periodicity=3)",1e-06,1866.5573821668254,0.001368243652672777,3894.185883519094,13.766197562549326
20,systematic,"22.4**2 * ExpSineSquared(length_scale=1, periodicity=3)",0.01,0.007112609375571117,0.001368243652672777,33.508970823335304,13.766197562549326
20,systematic,"0.1**2 * ExpSineSquared(length_scale=1, periodicity=3)",1e-05,0.25848548734326016,0.001368243652672777,197.9015469546169,13.766197562549326
20,systematic,"0.0316**2 * ExpSineSquared(length_scale=1, periodicity=3)",1e-10,1301.0706458939592,0.001368243652672777,3204.5235502299965,13.766197562549326
20,systematic,"0.1**2 * ExpSineSquared(length_scale=1, periodicity=3)",0.001,0.008072976890380624,0.001368243652672777,35.53073769096653,13.766197562549326
20,systematic,"1**2 * ExpSineSquared(length_scale=1, periodicity=3)",1e-08,0.3074639023191736,0.001368243652672777,224.57693891328233,13.766197562549326
20,systematic,"0.01**2 * ExpSineSquared(length_scale=1, periodicity=3)",0.0001,0.4893648373610072,0.001368243652672777,292.2726376867067,13.766197562549326
20,systematic,"0.1**2 * ExpSineSquared(length_scale=1, periodicity=3)",0.01,0.00578966878461853,0.001368243652672777,29.807812044555426,13.766197562549326
20,systematic,"0.316**2 * ExpSineSquared(length_scale=1, periodicity=3)",1e-09,0.4609764167787797,0.001368243652672777,293.2446752246634,13.766197562549326
20,systematic,"14.1**2 * ExpSineSquared(length_scale=1, periodicity=3)",100,0.5372444838422986,0.001368243652672777,352.18930448139105,13.766197562549326
20,systematic,"22.4**2 * ExpSineSquared(length_scale=1, periodicity=3)",1e-20,3345.2922947596107,0.001368243652672777,5378.760289271419,13.766197562549326
20,systematic,"0.1**2 * ExpSineSquared(length_scale=1, periodicity=3)",1e-07,0.17862931770221896,0.001368243652672777,154.5024986849121,13.766197562549326
20,systematic,"0.0316**2 * ExpSineSquared(length_scale=1, periodicity=3)",1e-15,556.3691904164453,0.001368243652672777,2049.668905842119,13.766197562549326
20,systematic,"0.1**2 * ExpSineSquared(length_scale=1, periodicity=3)",0.01,0.007112610003675011,0.001368243652672777,33.50897220165071,13.766197562549326
20,systematic,"0.1**2 * ExpSineSquared(length_scale=1, periodicity=3)",10,0.5005739355373587,0.001368243652672777,339.82711876419427,13.766197562549326
20,systematic,"1**2 * ExpSineSquared(length_scale=1, periodicity=3)",1,0.011735528039014882,0.001368243652672777,43.596110625666014,13.766197562549326
20,systematic,"0.1**2 * ExpSineSquared(length_scale=1, periodicity=3)",0.01,0.007112608905205824,0.001368243652672777,33.50896972052579,13.766197562549326
20,systematic,14.1**2 * DotProduct(sigma_0=1) ** 2,0.0001,0.0013589662676691881,0.001368243652672777,13.74171049118042,13.766197562549326
20,systematic,14.1**2 * DotProduct(sigma_0=1) ** 2,1e-05,0.0015925710642559928,0.001368243652672777,15.032539062499998,13.766197562549326
20,systematic,22.4**2 * DotProduct(sigma_0=1) ** 2,1e-07,0.0013887715341635125,0.001368243652672777,14.19203125,13.766197562549326
20,systematic,0.01**2 * DotProduct(sigma_0=1) ** 2,1e-08,0.0015434168339762873,0.001368243652672777,14.689921874999998,13.766197562549326
20,systematic,1**2 * DotProduct(sigma_0=1) ** 2,0.001,0.0013076758251889856,0.001368243652672777,13.7591946670413,13.766197562549326
20,systematic,0.0316**2 * DotProduct(sigma_0=1) ** 2,0.1,0.004429430760520326,0.001368243652672777,26.313145604988094,13.766197562549326
20,systematic,22.4**2 * DotProduct(sigma_0=1) ** 2,10,0.020388065752583808,0.001368243652672777,58.31507590855006,13.766197562549326
20,systematic,0.0316**2 * DotProduct(sigma_0=1) ** 2,0.01,0.0022313156365947676,0.001368243652672777,18.490222354345025,13.766197562549326
20,systematic,14.1**2 * DotProduct(sigma_0=1) ** 2,0.1,0.0039211239317702715,0.001368243652672777,24.72618456952274,13.766197562549326
20,systematic,0.1**2 * DotProduct(sigma_0=1) ** 2,0.0001,0.0013539539402311412,0.001368243652672777,13.727839169502259,13.766197562549326
20,systematic,0.1**2 * DotProduct(sigma_0=1) ** 2,1e-08,inf,inf,inf,inf
20,systematic,14.1**2 * DotProduct(sigma_0=1) ** 2,0.0001,0.0013574846696894085,0.001368243652672777,13.737371978759766,13.766197562549326
20,systematic,14.1**2 * DotProduct(sigma_0=1) ** 2,1e-08,inf,inf,inf,inf
20,systematic,22.4**2 * DotProduct(sigma_0=1) ** 2,1e-08,0.0016178147246872167,0.001368243652672777,15.561601562499998,13.766197562549326
20,systematic,1**2 * DotProduct(sigma_0=1) ** 2,0.001,0.001308017371664806,0.001368243652672777,13.762672836482523,13.766197562549326
20,systematic,0.1**2 * DotProduct(sigma_0=1) ** 2,1e-08,0.0017134161718143435,0.001368243652672777,16.102734374999997,13.766197562549326
20,systematic,0.01**2 * DotProduct(sigma_0=1) ** 2,1e-05,0.0014910077902594457,0.001368243652672777,14.594843749999999,13.766197562549326
20,systematic,1**2 * DotProduct(sigma_0=1) ** 2,1e-15,inf,inf,inf,inf
20,systematic,14.1**2 * DotProduct(sigma_0=1) ** 2,1e-10,inf,inf,inf,inf
20,systematic,0.01**2 * DotProduct(sigma_0=1) ** 2,1e-07,0.0013854961071448786,0.001368243652672777,14.078046875000002,13.766197562549326
20,systematic,1**2 * DotProduct(sigma_0=1) ** 2,0.001,0.0013197036129124267,0.001368243652672777,13.835942913293838,13.766197562549326
20,systematic,0.316**2 * DotProduct(sigma_0=1) ** 2,0.001,0.001314613592915592,0.001368243652672777,13.806326601356266,13.766197562549326
20,systematic,1**2 * DotProduct(sigma_0=1) ** 2,0.001,0.0013197115760264749,0.001368243652672777,13.83595005095005,13.766197562549326
20,systematic,1**2 * DotProduct(sigma_0=1) ** 2,1e-06,0.0015358386179922033,0.001368243652672777,14.862109375,13.766197562549326
20,systematic,1**2 * DotProduct(sigma_0=1) ** 2,100,0.0847845070867945,0.001368243652672777,121.36237277339396,13.766197562549326
20,systematic,0.316**2 * DotProduct(sigma_0=1) ** 2,1,0.017349105398032628,0.001368243652672777,53.610848872042254,13.766197562549326
20,systematic,1**2 * DotProduct(sigma_0=1) ** 2,1e-09,inf,inf,inf,inf
20,systematic,1**2 * DotProduct(sigma_0=1) ** 2,0.001,0.001309541922435024,0.001368243652672777,13.775710712671279,13.766197562549326
20,systematic,1**2 * DotProduct(sigma_0=1) ** 2,1e-20,inf,inf,inf,inf
20,systematic,1**2 * DotProduct(sigma_0=1) ** 2,0.001,0.0013067235515105702,0.001368243652672777,13.740197158455846,13.766197562549326
20,systematic,0.0316**2 * DotProduct(sigma_0=1) ** 2,0.001,0.0013091584643616034,0.001368243652672777,13.73033992409706,13.766197562549326
20,systematic,0.316**2 * DotProduct(sigma_0=1) ** 2,1e-10,inf,inf,inf,inf
20,systematic,1**2 * DotProduct(sigma_0=1) ** 2,1e-20,inf,inf,inf,inf
20,systematic,22.4**2 * DotProduct(sigma_0=1) ** 2,10,0.06688903722980907,0.001368243652672777,107.51557661313677,13.766197562549326
20,systematic,0.01**2 * DotProduct(sigma_0=1) ** 2,1,0.028828697896586316,0.001368243652672777,69.82659684053272,13.766197562549326
20,systematic,0.0316**2 * DotProduct(sigma_0=1) ** 2,0.01,0.002198465667938849,0.001368243652672777,18.368410091586412,13.766197562549326
20,systematic,1**2 * DotProduct(sigma_0=1) ** 2,1e-09,inf,inf,inf,inf
20,systematic,22.4**2 * DotProduct(sigma_0=1) ** 2,100,0.08311113062755722,0.001368243652672777,120.13220164324017,13.766197562549326
20,systematic,0.1**2 * DotProduct(sigma_0=1) ** 2,1e-06,inf,inf,inf,inf
20,systematic,0.0316**2 * DotProduct(sigma_0=1) ** 2,1e-15,inf,inf,inf,inf
20,systematic,1**2 * DotProduct(sigma_0=1) ** 2,0.1,0.0038378168220488487,0.001368243652672777,24.46202888222411,13.766197562549326
20,systematic,0.316**2 * DotProduct(sigma_0=1) ** 2,1e-05,0.0016185842983964557,0.001368243652672777,15.223945312499998,13.766197562549326
20,systematic,14.1**2 * DotProduct(sigma_0=1) ** 2,0.001,0.0013108276969598792,0.001368243652672777,13.729456136226652,13.766197562549326
20,systematic,0.1**2 * DotProduct(sigma_0=1) ** 2,1e-07,0.0014221265204451344,0.001368243652672777,14.1634375,13.766197562549326
20,systematic,22.4**2 * DotProduct(sigma_0=1) ** 2,10,0.02666080641011929,0.001368243652672777,67.05018021841882,13.766197562549326
20,systematic,0.01**2 * DotProduct(sigma_0=1) ** 2,0.0001,0.0013539598475941453,0.001368243652672777,13.727856454849244,13.766197562549326
20,systematic,1**2 * DotProduct(sigma_0=1) ** 2,0.01,0.003640335045489431,0.001368243652672777,23.821123101115226,13.766197562549326
20,systematic,14.1**2 * DotProduct(sigma_0=1) ** 2,0.001,0.0013075912465594602,0.001368243652672777,13.733110940456388,13.766197562549326
20,systematic,14.1**2 * DotProduct(sigma_0=1) ** 2,0.001,0.0013126266521001112,0.001368243652672777,13.728785911798475,13.766197562549326
20,systematic,14.1**2 * DotProduct(sigma_0=1) ** 2,0.1,0.004174725254902488,0.001368243652672777,25.51569389930461,13.766197562549326
20,systematic,14.1**2 * DotProduct(sigma_0=1) ** 2,1e-15,inf,inf,inf,inf
20,systematic,14.1**2 * DotProduct(sigma_0=1) ** 2,0.001,0.0013086750158722046,0.001368243652672777,13.768730464875697,13.766197562549326
20,systematic,14.1**2 * DotProduct(sigma_0=1) ** 2,1e-05,0.0015277944244953413,0.001368243652672777,14.560234375,13.766197562549326
20,systematic,0.1**2 * DotProduct(sigma_0=1) ** 2,1e-10,inf,inf,inf,inf
20,systematic,0.0316**2 * DotProduct(sigma_0=1) ** 2,0.0001,0.0013586850268046023,0.001368243652672777,13.740776844024658,13.766197562549326
20,systematic,0.01**2 * DotProduct(sigma_0=1) ** 2,1e-07,0.001486603276033579,0.001368243652672777,14.323203125,13.766197562549326
20,systematic,14.1**2 * DotProduct(sigma_0=1) ** 2,1e-06,0.0015231656092294253,0.001368243652672777,14.880781249999998,13.766197562549326
20,systematic,0.316**2 * DotProduct(sigma_0=1) ** 2,100,0.08064137936826117,0.001368243652672777,118.2967223719676,13.766197562549326
20,systematic,22.4**2 * DotProduct(sigma_0=1) ** 2,1e-08,0.002286622218414369,0.001368243652672777,18.623046875,13.766197562549326
20,systematic,14.1**2 * DotProduct(sigma_0=1) ** 2,1,0.0058279549646309495,0.001368243652672777,30.440817219730228,13.766197562549326
20,systematic,0.1**2 * DotProduct(sigma_0=1) ** 2,0.001,0.0013099095578451591,0.001368243652672777,13.729947531819342,13.766197562549326
20,systematic,0.01**2 * DotProduct(sigma_0=1) ** 2,1e-09,inf,inf,inf,inf
20,systematic,0.0316**2 * DotProduct(sigma_0=1) ** 2,1e-20,inf,inf,inf,inf
20,systematic,0.316**2 * DotProduct(sigma_0=1) ** 2,0.001,0.00130759904600075,0.001368243652672777,13.732933735847471,13.766197562549326
20,systematic,14.1**2 * DotProduct(sigma_0=1) ** 2,10,0.01852025864929642,0.001368243652672777,55.469220795674474,13.766197562549326
20,systematic,0.316**2 * DotProduct(sigma_0=1) ** 2,0.001,0.0013068261446576145,0.001368243652672777,13.737817332744596,13.766197562549326
20,systematic,0.316**2 * DotProduct(sigma_0=1) ** 2,0.001,0.0013068659475459303,0.001368243652672777,13.737277436852454,13.766197562549326
20,systematic,0.316**2 * DotProduct(sigma_0=1) ** 2,0.001,0.001306827527996836,0.001368243652672777,13.746848739385603,13.766197562549326
20,systematic,0.316**2 * DotProduct(sigma_0=1) ** 2,0.001,0.001310247970847831,0.001368243652672777,13.7802767637372,13.766197562549326
20,systematic,0.316**2 * DotProduct(sigma_0=1) ** 2,0.01,0.0029463691651664364,0.001368243652672777,21.302725122142583,13.766197562549326
20,systematic,0.316**2 * DotProduct(sigma_0=1) ** 2,0.001,0.0013067543413422579,0.001368243652672777,13.744900724887845,13.766197562549326
20,systematic,0.316**2 * DotProduct(sigma_0=1) ** 2,1e-10,inf,inf,inf,inf
20,systematic,0.316**2 * DotProduct(sigma_0=1) ** 2,0.1,0.004399952047543358,0.001368243652672777,26.225035257348793,13.766197562549326
20,systematic,0.316**2 * DotProduct(sigma_0=1) ** 2,1e-08,0.0014373739364971526,0.001368243652672777,14.151875,13.766197562549326
20,systematic,0.316**2 * DotProduct(sigma_0=1) ** 2,1e-15,inf,inf,inf,inf
20,systematic,1**2 * DotProduct(sigma_0=1) ** 2,0.001,0.0013084319297774875,0.001368243652672777,13.766388397216796,13.766197562549326
20,systematic,0.316**2 * DotProduct(sigma_0=1) ** 2,1e-05,0.001369078495191491,0.001368243652672777,13.837109375,13.766197562549326
20,systematic,1**2 * DotProduct(sigma_0=1) ** 2,100,0.0834183001759185,0.001368243652672777,120.35851006667113,13.766197562549326
20,systematic,22.4**2 * DotProduct(sigma_0=1) ** 2,1,0.00908147479807062,0.001368243652672777,38.346777096423324,13.766197562549326
20,systematic,0.316**2 * DotProduct(sigma_0=1) ** 2,1e-20,inf,inf,inf,inf
20,systematic,1**2 * DotProduct(sigma_0=1) ** 2,1e-09,inf,inf,inf,inf
20,systematic,0.316**2 * DotProduct(sigma_0=1) ** 2,1e-06,0.0021847108829095496,0.001368243652672777,17.764218749999998,13.766197562549326
20,systematic,0.1**2 * DotProduct(sigma_0=1) ** 2,1e-07,0.0014261338480757873,0.001368243652672777,14.091367187499998,13.766197562549326
20,systematic,0.0316**2 * DotProduct(sigma_0=1) ** 2,0.001,0.0013196953943230994,0.001368243652672777,13.835702699124813,13.766197562549326
20,systematic,1**2 * DotProduct(sigma_0=1) ** 2,0.0001,0.0013539720819385774,0.001368243652672777,13.727896866798401,13.766197562549326
20,systematic,0.01**2 * DotProduct(sigma_0=1) ** 2,0.001,0.0013073237431671446,0.001368243652672777,13.734240895509718,13.766197562549326
20,systematic,0.316**2 * DotProduct(sigma_0=1) ** 2,10,0.0730779669437153,0.001368243652672777,112.49687944182776,13.766197562549326
20,systematic,22.4**2 * DotProduct(sigma_0=1) ** 2,0.01,0.0020954810766975734,0.001368243652672777,17.98784682273865,13.766197562549326
20,systematic,1**2 * DotProduct(sigma_0=1) ** 2,1e-10,inf,inf,inf,inf
20,systematic,0.316**2 * DotProduct(sigma_0=1) ** 2,0.001,0.001308095275326157,0.001368243652672777,13.732036806344984,13.766197562549326
20,systematic,0.1**2 * DotProduct(sigma_0=1) ** 2,0.1,0.004650279205255892,0.001368243652672777,26.963469631990883,13.766197562549326
20,systematic,0.0316**2 * DotProduct(sigma_0=1) ** 2,1e-15,inf,inf,inf,inf
20,systematic,0.01**2 * DotProduct(sigma_0=1) ** 2,1e-05,0.0015126917773892418,0.001368243652672777,14.796210937499998,13.766197562549326
20,systematic,1**2 * DotProduct(sigma_0=1) ** 2,0.001,0.0013068995152707853,0.001368243652672777,13.737039822936056,13.766197562549326
20,systematic,0.316**2 * DotProduct(sigma_0=1) ** 2,1e-08,inf,inf,inf,inf
20,systematic,22.4**2 * DotProduct(sigma_0=1) ** 2,1e-06,0.0014080386973315882,0.001368243652672777,13.98400390625,13.766197562549326
20,systematic,0.316**2 * DotProduct(sigma_0=1) ** 2,1,0.028842132988203664,0.001368243652672777,69.8447646678984,13.766197562549326
20,systematic,1**2 * DotProduct(sigma_0=1) ** 2,100,0.0767681208215983,0.001368243652672777,115.36283277229856,13.766197562549326
20,systematic,0.1**2 * DotProduct(sigma_0=1) ** 2,1e-07,0.001687172318294675,0.001368243652672777,15.751171874999999,13.766197562549326
20,systematic,0.0316**2 * DotProduct(sigma_0=1) ** 2,0.0001,0.001357652904018957,0.001368243652672777,13.73778491973877,13.766197562549326
20,systematic,1**2 * DotProduct(sigma_0=1) ** 2,0.001,0.0013067247753659882,0.001368243652672777,13.740136063694951,13.766197562549326
20,systematic,"1**2 * Matern(length_scale=1, nu=1)",1e-15,0.010442168792567102,0.001368243652672777,39.91042098461526,13.766197562549326
20,systematic,"14.1**2 * Matern(length_scale=1, nu=7)",0.01,0.005652351356989067,0.001368243652672777,30.075694442143313,13.766197562549326
20,systematic,"0.0316**2 * Matern(length_scale=1, nu=5)",0.01,0.005652351357756746,0.001368243652672777,30.075694443581817,13.766197562549326
20,systematic,"0.01**2 * Matern(length_scale=1, nu=3)",1e-06,0.03860243159404153,0.001368243652672777,68.13155691110632,13.766197562549326
20,systematic,"22.4**2 * Matern(length_scale=1, nu=3)",1e-10,0.0386155371673026,0.001368243652672777,68.14433607280436,13.766197562549326
20,systematic,"14.1**2 * Matern(length_scale=1, nu=1.5)",0.01,0.005652351355746834,0.001368243652672777,30.075694439813773,13.766197562549326
20,systematic,"0.316**2 * Matern(length_scale=1, nu=3)",0.001,0.005218677125869242,0.001368243652672777,28.489351083730753,13.766197562549326
20,systematic,"0.01**2 * Matern(length_scale=1, nu=0.1)",1e-09,0.005025068650597132,0.001368243652672777,28.39202933586074,13.766197562549326
20,systematic,"0.1**2 * Matern(length_scale=1, nu=7)",0.001,0.004675149355623871,0.001368243652672777,27.25939360841836,13.766197562549326
20,systematic,"0.01**2 * Matern(length_scale=1, nu=3)",1e-07,0.038614230919455206,0.001368243652672777,68.14306513643916,13.766197562549326
20,systematic,"22.4**2 * Matern(length_scale=1, nu=100)",1e-06,inf,inf,inf,inf
20,systematic,"14.1**2 * Matern(length_scale=1, nu=0.5)",1e-06,0.0069056731111207205,0.001368243652672777,32.53180318790102,13.766197562549326
20,systematic,"0.1**2 * Matern(length_scale=1, nu=0.5)",1e-10,0.0069066177162929185,0.001368243652672777,32.5338929988456,13.766197562549326
20,systematic,"0.316**2 * Matern(length_scale=1, nu=5)",0.001,0.004679746682115151,0.001368243652672777,27.284259447379338,13.766197562549326
20,systematic,"0.01**2 * Matern(length_scale=1, nu=7)",0.1,0.005814742453613472,0.001368243652672777,30.306944452152912,13.766197562549326
20,systematic,"0.01**2 * Matern(length_scale=1, nu=0.1)",1e-09,0.005025830029374511,0.001368243652672777,28.39522006366897,13.766197562549326
20,systematic,"0.316**2 * Matern(length_scale=1, nu=2.5)",0.1,0.0058147424813355855,0.001368243652672777,30.30694448397532,13.766197562549326
20,systematic,"0.0316**2 * Matern(length_scale=1, nu=100)",1e-20,inf,inf,inf,inf
20,systematic,"0.01**2 * Matern(length_scale=1, nu=1e+03)",1e-10,inf,inf,inf,inf
20,systematic,"0.01**2 * Matern(length_scale=1, nu=100)",1e-07,inf,inf,inf,inf
20,systematic,"0.1**2 * Matern(length_scale=1, nu=5)",0.001,0.004679742620906718,0.001368243652672777,27.28424983420381,13.766197562549326
20,systematic,"0.1**2 * Matern(length_scale=1, nu=3.5)",0.0001,0.04255251169021077,0.001368243652672777,70.49955564592258,13.766197562549326
20,systematic,"0.1**2 * Matern(length_scale=1, nu=2)",0.001,0.005176300720546951,0.001368243652672777,28.36203144192823,13.766197562549326
20,systematic,"0.1**2 * Matern(length_scale=1, nu=7)",1e-08,0.06331750434404906,0.001368243652672777,83.53321513864377,13.766197562549326
20,systematic,"0.1**2 * Matern(length_scale=1, nu=5)",10,0.5005796747443721,0.001368243652672777,339.82908872172766,13.766197562549326
20,systematic,"0.1**2 * Matern(length_scale=1, nu=2)",1e-05,0.02430190897589747,0.001368243652672777,56.849639102067044,13.766197562549326
20,systematic,"1**2 * Matern(length_scale=1, nu=2.5)",1,0.011735527785623067,0.001368243652672777,43.59611020826852,13.766197562549326
20,systematic,"0.1**2 * Matern(length_scale=1, nu=7)",100,0.5372444838422986,0.001368243652672777,352.18930448139105,13.766197562549326
20,systematic,"1**2 * Matern(length_scale=1, nu=5)",1e-15,0.05517584760692966,0.001368243652672777,78.82520338971304,13.766197562549326
20,systematic,"0.1**2 * Matern(length_scale=1, nu=1)",0.001,0.0053649461737929885,0.001368243652672777,28.8199936187821,13.766197562549326
20,systematic,"0.1**2 * Matern(length_scale=1, nu=1.5)",0.001,0.005193769863197048,0.001368243652672777,28.386761414594215,13.766197562549326
20,systematic,"0.0316**2 * Matern(length_scale=1, nu=3.5)",1e-05,0.0439060891864034,0.001368243652672777,71.72275415459526,13.766197562549326
20,systematic,"22.4**2 * Matern(length_scale=1, nu=1e+03)",1e-20,inf,inf,inf,inf
20,systematic,"1**2 * Matern(length_scale=1, nu=1)",0.001,0.0053649899625403865,0.001368243652672777,28.820096075077892,13.766197562549326
20,systematic,"14.1**2 * Matern(length_scale=1, nu=7)",0.0001,0.06131112329864003,0.001368243652672777,82.05067986979273,13.766197562549326
20,systematic,"0.0316**2 * Matern(length_scale=1, nu=5)",1e-08,0.05517567593591381,0.001368243652672777,78.8250605876338,13.766197562549326
20,systematic,"0.1**2 * Matern(length_scale=1, nu=7)",10,0.5006684351423244,0.001368243652672777,339.8595538856995,13.766197562549326
20,systematic,"22.4**2 * Matern(length_scale=1, nu=5)",100,0.5372444838422986,0.001368243652672777,352.18930448139105,13.766197562549326
20,systematic,"0.316**2 * Matern(length_scale=1, nu=1.5)",0.01,0.005652351358492442,0.001368243652672777,30.075694444782435,13.766197562549326
20,systematic,"14.1**2 * Matern(length_scale=1, nu=0.1)",1,0.014275173993284429,0.001368243652672777,49.098860473395355,13.766197562549326
20,systematic,"0.1**2 * Matern(length_scale=1, nu=0.5)",1e-15,0.006906617814823558,0.001368243652672777,32.53389321822246,13.766197562549326
20,systematic,"0.1**2 * Matern(length_scale=1, nu=3)",0.001,0.005218647888705994,0.001368243652672777,28.489286409103265,13.766197562549326
20,systematic,"22.4**2 * Matern(length_scale=1, nu=1e+03)",0.001,inf,inf,inf,inf
20,systematic,"1**2 * Matern(length_scale=1, nu=7)",1e-09,0.06331768353497957,0.001368243652672777,83.53334607509053,13.766197562549326
20,systematic,"0.316**2 * Matern(length_scale=1, nu=5)",1e-07,0.05517411826409441,0.001368243652672777,78.82377978587664,13.766197562549326
20,systematic,"14.1**2 * Matern(length_scale=1, nu=2.5)",0.01,0.005652351357132022,0.001368243652672777,30.07569444241117,13.766197562549326
20,systematic,"0.0316**2 * Matern(length_scale=1, nu=2)",0.1,0.005814742416600521,0.001368243652672777,30.306944409665448,13.766197562549326
20,systematic,"0.1**2 * Matern(length_scale=1, nu=3.5)",1e-06,0.044037207203972965,0.001368243652672777,71.84103957081697,13.766197562549326
20,systematic,"0.1**2 * Matern(length_scale=1, nu=1)",1e-10,0.010442172822372624,0.001368243652672777,39.91042737149015,13.766197562549326
20,systematic,"0.316**2 * Matern(length_scale=1, nu=0.1)",0.001,0.004961042214415164,0.001368243652672777,28.26689678070074,13.766197562549326
20,systematic,"22.4**2 * Matern(length_scale=1, nu=100)",1e-20,inf,inf,inf,inf
20,systematic,"0.01**2 * Matern(length_scale=1, nu=0.5)",0.0001,0.006810374355256931,0.001368243652672777,32.318030213090935,13.766197562549326
20,systematic,"0.1**2 * Matern(length_scale=1, nu=3)",0.001,0.0052186093831416685,0.001368243652672777,28.489195620924022,13.766197562549326
20,systematic,"14.1**2 * Matern(length_scale=1, nu=1.5)",10,0.5006337107262544,0.001368243652672777,339.8476357826984,13.766197562549326
20,systematic,"0.0316**2 * Matern(length_scale=1, nu=7)",1e-08,0.06331752437576642,0.001368243652672777,83.53321451633182,13.766197562549326
20,systematic,"0.1**2 * Matern(length_scale=1, nu=5)",1e-09,0.055175839176220424,0.001368243652672777,78.82518601557544,13.766197562549326
20,systematic,"1**2 * Matern(length_scale=1, nu=2.5)",1e-05,0.031913886683892174,0.001368243652672777,63.21090758844551,13.766197562549326
20,systematic,"0.01**2 * Matern(length_scale=1, nu=2)",1e-06,0.024384632751247925,0.001368243652672777,56.951440379355176,13.766197562549326
20,systematic,"0.1**2 * Matern(length_scale=1, nu=7)",1,0.011735528111573999,0.001368243652672777,43.59611074518838,13.766197562549326
20,systematic,"0.316**2 * Matern(length_scale=1, nu=100)",1e-15,inf,inf,inf,inf
20,systematic,"0.1**2 * Matern(length_scale=1, nu=1e+03)",100,inf,inf,inf,inf
20,systematic,"0.1**2 * Matern(length_scale=1, nu=5)",1e-07,0.05517411352658814,0.001368243652672777,78.8237814660852,13.766197562549326
20,systematic,"22.4**2 * Matern(length_scale=1, nu=3.5)",0.1,0.005814742457806388,0.001368243652672777,30.306944456965976,13.766197562549326
20,systematic,"0.0316**2 * Matern(length_scale=1, nu=0.5)",0.001,0.005803724882887789,0.001368243652672777,29.97386425287239,13.766197562549326
20,systematic,"1**2 * Matern(length_scale=1, nu=1)",1e-10,0.010442170152207704,0.001368243652672777,39.91042308975416,13.766197562549326
20,systematic,"0.316**2 * Matern(length_scale=1, nu=5)",0.001,0.004679741698786134,0.001368243652672777,27.28425185119203,13.766197562549326
20,systematic,"0.316**2 * Matern(length_scale=1, nu=5)",0.001,0.00467974196359216,0.001368243652672777,27.284239292655943,13.766197562549326
20,systematic,"0.316**2 * Matern(length_scale=1, nu=5)",0.001,0.00467974300272554,0.001368243652672777,27.284249130070894,13.766197562549326
20,systematic,"0.316**2 * Matern(length_scale=1, nu=5)",0.001,0.004679697009396919,0.001368243652672777,27.284088844619607,13.766197562549326
20,systematic,"0.316**2 * Matern(length_scale=1, nu=5)",0.001,0.004679757829491593,0.001368243652672777,27.284305876432466,13.766197562549326
20,systematic,"0.316**2 * Matern(length_scale=1, nu=3)",0.001,0.005218735888192644,0.001368243652672777,28.48948044257653,13.766197562549326
20,systematic,"0.316**2 * Matern(length_scale=1, nu=5)",0.01,0.005652351357868425,0.001368243652672777,30.075694443792038,13.766197562549326
20,systematic,"0.316**2 * Matern(length_scale=1, nu=7)",1e-20,0.06331771222461148,0.001368243652672777,83.53336035099895,13.766197562549326
20,systematic,"0.316**2 * Matern(length_scale=1, nu=5)",1e-05,0.05500100405998918,0.001368243652672777,78.68295251758022,13.766197562549326
20,systematic,"0.316**2 * Matern(length_scale=1, nu=0.1)",0.0001,0.005016490865473275,0.001368243652672777,28.37307677488529,13.766197562549326
20,systematic,"0.316**2 * Matern(length_scale=1, nu=1.5)",1e-08,0.016594051347543378,0.001368243652672777,48.841749602663384,13.766197562549326
20,systematic,"0.01**2 * Matern(length_scale=1, nu=2.5)",0.001,0.005196819830143592,0.001368243652672777,28.42485384751596,13.766197562549326
20,systematic,"14.1**2 * Matern(length_scale=1, nu=7)",100,0.5372444838422986,0.001368243652672777,352.18930448139105,13.766197562549326
20,systematic,"0.316**2 * Matern(length_scale=1, nu=1e+03)",10,inf,inf,inf,inf
20,systematic,"0.316**2 * Matern(length_scale=1, nu=2)",1e-09,0.024393785523293673,0.001368243652672777,56.96269435716758,13.766197562549326
20,systematic,"0.316**2 * Matern(length_scale=1, nu=100)",1e-15,inf,inf,inf,inf
20,systematic,"22.4**2 * Matern(length_scale=1, nu=5)",1,0.01173552724248232,0.001368243652672777,43.596109313584556,13.766197562549326
20,systematic,"1**2 * Matern(length_scale=1, nu=1)",0.001,0.005364985093994204,0.001368243652672777,28.820084875075757,13.766197562549326
20,systematic,"0.0316**2 * Matern(length_scale=1, nu=3.5)",1e-06,0.04403720724725868,0.001368243652672777,71.84103751444005,13.766197562549326
20,systematic,"14.1**2 * Matern(length_scale=1, nu=0.5)",1e-10,0.006906617719245031,0.001368243652672777,32.533893006403915,13.766197562549326
20,systematic,"0.01**2 * Matern(length_scale=1, nu=0.1)",1e-07,0.005024607775801506,0.001368243652672777,28.389908451897583,13.766197562549326
20,systematic,"0.316**2 * Matern(length_scale=1, nu=7)",0.1,0.0058147424750335805,0.001368243652672777,30.30694447674118,13.766197562549326
20,systematic,"0.316**2 * Matern(length_scale=1, nu=3)",0.001,0.0052187133407746,0.001368243652672777,28.489434070056134,13.766197562549326
20,systematic,"22.4**2 * Matern(length_scale=1, nu=5)",0.01,0.005652351357320777,0.001368243652672777,30.075694442765034,13.766197562549326
20,systematic,"0.0316**2 * Matern(length_scale=1, nu=1.5)",1e-20,0.01659411398785159,0.001368243652672777,48.84184054654993,13.766197562549326
20,systematic,"1**2 * Matern(length_scale=1, nu=2.5)",0.0001,0.030850118119373666,0.001368243652672777,62.09714798727519,13.766197562549326
20,systematic,"14.1**2 * Matern(length_scale=1, nu=7)",0.001,0.004675125817602449,0.001368243652672777,27.259314743057022,13.766197562549326
20,systematic,"14.1**2 * Matern(length_scale=1, nu=7)",10,0.5006050295237217,0.001368243652672777,339.8377915014552,13.766197562549326
20,systematic,"14.1**2 * Matern(length_scale=1, nu=7)",1e-08,0.06331750405672788,0.001368243652672777,83.53321514755385,13.766197562549326
20,systematic,"14.1**2 * Matern(length_scale=1, nu=7)",1e-05,0.06312104925956191,0.001368243652672777,83.38815707772358,13.766197562549326
20,systematic,"14.1**2 * Matern(length_scale=1, nu=7)",0.001,0.0046751181765847675,0.001368243652672777,27.259294820045053,13.766197562549326
20,systematic,"14.1**2 * Matern(length_scale=1, nu=7)",1e-09,0.06331768373047847,0.001368243652672777,83.53334606901879,13.766197562549326
20,systematic,"14.1**2 * Matern(length_scale=1, nu=7)",1,0.011735527479684463,0.001368243652672777,43.59610970431376,13.766197562549326
20,systematic,"14.1**2 * Matern(length_scale=1, nu=7)",100,0.5372444838422986,0.001368243652672777,352.18930448139105,13.766197562549326
20,systematic,"14.1**2 * Matern(length_scale=1, nu=7)",1e-06,0.06329807382499145,0.001368243652672777,83.518799535093,13.766197562549326
20,systematic,"14.1**2 * Matern(length_scale=1, nu=7)",0.001,0.004675112974433048,0.001368243652672777,27.259277653807825,13.766197562549326
